{
  "smartwatch" : {
    "transaction" : "smartwatch",
    "sampleCount" : 50,
    "errorCount" : 1,
    "errorPct" : 2.0,
    "meanResTime" : 9716.599999999999,
    "medianResTime" : 6283.5,
    "minResTime" : 83.0,
    "maxResTime" : 30746.0,
    "pct1ResTime" : 23965.6,
    "pct2ResTime" : 28273.999999999996,
    "pct3ResTime" : 30746.0,
    "throughput" : 0.5470878513671725,
    "receivedKBytesPerSec" : 123.46804716307595,
    "sentKBytesPerSec" : 0.07479716717910562
  },
  "feel-the-beats" : {
    "transaction" : "feel-the-beats",
    "sampleCount" : 50,
    "errorCount" : 2,
    "errorPct" : 4.0,
    "meanResTime" : 8352.16,
    "medianResTime" : 5639.5,
    "minResTime" : 81.0,
    "maxResTime" : 32464.0,
    "pct1ResTime" : 28330.299999999996,
    "pct2ResTime" : 29439.7,
    "pct3ResTime" : 32464.0,
    "throughput" : 0.5420171711039806,
    "receivedKBytesPerSec" : 119.21358559264156,
    "sentKBytesPerSec" : 0.07622116468649727
  },
  "electronics" : {
    "transaction" : "electronics",
    "sampleCount" : 50,
    "errorCount" : 0,
    "errorPct" : 0.0,
    "meanResTime" : 10505.48,
    "medianResTime" : 5627.0,
    "minResTime" : 2575.0,
    "maxResTime" : 33862.0,
    "pct1ResTime" : 29835.8,
    "pct2ResTime" : 31169.699999999997,
    "pct3ResTime" : 33862.0,
    "throughput" : 0.525662860867554,
    "receivedKBytesPerSec" : 118.6098697801678,
    "sentKBytesPerSec" : 0.07238131189680187
  },
  "my order" : {
    "transaction" : "my order",
    "sampleCount" : 50,
    "errorCount" : 0,
    "errorPct" : 0.0,
    "meanResTime" : 1215.3600000000001,
    "medianResTime" : 938.0,
    "minResTime" : 365.0,
    "maxResTime" : 3672.0,
    "pct1ResTime" : 2361.6,
    "pct2ResTime" : 2987.7999999999993,
    "pct3ResTime" : 3672.0,
    "throughput" : 0.44185224460940264,
    "receivedKBytesPerSec" : 80.18323750662779,
    "sentKBytesPerSec" : 0.056094523241428065
  },
  "laptop-tab" : {
    "transaction" : "laptop-tab",
    "sampleCount" : 50,
    "errorCount" : 1,
    "errorPct" : 2.0,
    "meanResTime" : 11753.839999999997,
    "medianResTime" : 6408.5,
    "minResTime" : 113.0,
    "maxResTime" : 30550.0,
    "pct1ResTime" : 28784.899999999998,
    "pct2ResTime" : 29651.649999999998,
    "pct3ResTime" : 30550.0,
    "throughput" : 0.4118650071252646,
    "receivedKBytesPerSec" : 90.32469892667979,
    "sentKBytesPerSec" : 0.05630966894290727
  },
  "gaming-console" : {
    "transaction" : "gaming-console",
    "sampleCount" : 50,
    "errorCount" : 1,
    "errorPct" : 2.0,
    "meanResTime" : 9963.02,
    "medianResTime" : 9849.5,
    "minResTime" : 374.0,
    "maxResTime" : 17294.0,
    "pct1ResTime" : 12844.4,
    "pct2ResTime" : 14657.399999999989,
    "pct3ResTime" : 17294.0,
    "throughput" : 0.574276985275538,
    "receivedKBytesPerSec" : 211.20108416316356,
    "sentKBytesPerSec" : 0.08075770105437255
  },
  "cart" : {
    "transaction" : "cart",
    "sampleCount" : 50,
    "errorCount" : 1,
    "errorPct" : 2.0,
    "meanResTime" : 4125.8,
    "medianResTime" : 3906.5,
    "minResTime" : 80.0,
    "maxResTime" : 12903.0,
    "pct1ResTime" : 5945.4,
    "pct2ResTime" : 7835.499999999998,
    "pct3ResTime" : 12903.0,
    "throughput" : 0.8406610958858046,
    "receivedKBytesPerSec" : 123.71715445151068,
    "sentKBytesPerSec" : 0.11575509230458833
  },
  "Returns" : {
    "transaction" : "Returns",
    "sampleCount" : 50,
    "errorCount" : 1,
    "errorPct" : 2.0,
    "meanResTime" : 7089.499999999999,
    "medianResTime" : 6860.5,
    "minResTime" : 79.0,
    "maxResTime" : 11108.0,
    "pct1ResTime" : 10487.2,
    "pct2ResTime" : 10841.7,
    "pct3ResTime" : 11108.0,
    "throughput" : 0.661769571835087,
    "receivedKBytesPerSec" : 183.0007682731123,
    "sentKBytesPerSec" : 0.08595249321686188
  },
  "search" : {
    "transaction" : "search",
    "sampleCount" : 50,
    "errorCount" : 29,
    "errorPct" : 58.0,
    "meanResTime" : 1140.0600000000002,
    "medianResTime" : 88.0,
    "minResTime" : 75.0,
    "maxResTime" : 6313.0,
    "pct1ResTime" : 3324.0,
    "pct2ResTime" : 3759.0,
    "pct3ResTime" : 6313.0,
    "throughput" : 1.4060347009364191,
    "receivedKBytesPerSec" : 76.34867287899665,
    "sentKBytesPerSec" : 0.19360438753128428
  },
  "mobile-store" : {
    "transaction" : "mobile-store",
    "sampleCount" : 50,
    "errorCount" : 1,
    "errorPct" : 2.0,
    "meanResTime" : 6887.979999999998,
    "medianResTime" : 6009.5,
    "minResTime" : 85.0,
    "maxResTime" : 26349.0,
    "pct1ResTime" : 9395.499999999998,
    "pct2ResTime" : 19564.249999999978,
    "pct3ResTime" : 26349.0,
    "throughput" : 0.708777500567022,
    "receivedKBytesPerSec" : 159.27886097683717,
    "sentKBytesPerSec" : 0.10105616707303244
  },
  "home-theater" : {
    "transaction" : "home-theater",
    "sampleCount" : 50,
    "errorCount" : 1,
    "errorPct" : 2.0,
    "meanResTime" : 10117.34,
    "medianResTime" : 9951.0,
    "minResTime" : 75.0,
    "maxResTime" : 19421.0,
    "pct1ResTime" : 12864.4,
    "pct2ResTime" : 15146.299999999992,
    "pct3ResTime" : 19421.0,
    "throughput" : 0.6928086462519052,
    "receivedKBytesPerSec" : 247.09426311140362,
    "sentKBytesPerSec" : 0.10486849625883331
  },
  "lifestyle-personal-care" : {
    "transaction" : "lifestyle-personal-care",
    "sampleCount" : 50,
    "errorCount" : 1,
    "errorPct" : 2.0,
    "meanResTime" : 10381.58,
    "medianResTime" : 4839.0,
    "minResTime" : 79.0,
    "maxResTime" : 33023.0,
    "pct1ResTime" : 28870.499999999996,
    "pct2ResTime" : 30315.449999999997,
    "pct3ResTime" : 33023.0,
    "throughput" : 0.42552467192047794,
    "receivedKBytesPerSec" : 93.78994280416504,
    "sentKBytesPerSec" : 0.06357936992561829
  },
  "Warrenty" : {
    "transaction" : "Warrenty",
    "sampleCount" : 50,
    "errorCount" : 1,
    "errorPct" : 2.0,
    "meanResTime" : 7390.000000000001,
    "medianResTime" : 7056.5,
    "minResTime" : 76.0,
    "maxResTime" : 16792.0,
    "pct1ResTime" : 9921.9,
    "pct2ResTime" : 11604.999999999998,
    "pct3ResTime" : 16792.0,
    "throughput" : 0.6314486695376532,
    "receivedKBytesPerSec" : 168.60629116256013,
    "sentKBytesPerSec" : 0.08201432914893347
  },
  "special-tv-campaign" : {
    "transaction" : "special-tv-campaign",
    "sampleCount" : 50,
    "errorCount" : 0,
    "errorPct" : 0.0,
    "meanResTime" : 10025.18,
    "medianResTime" : 9974.0,
    "minResTime" : 5354.0,
    "maxResTime" : 17939.0,
    "pct1ResTime" : 12489.1,
    "pct2ResTime" : 15887.149999999987,
    "pct3ResTime" : 17939.0,
    "throughput" : 0.6857205551593614,
    "receivedKBytesPerSec" : 268.6437508142932,
    "sentKBytesPerSec" : 0.09977769796752428
  },
  "Home Page" : {
    "transaction" : "Home Page",
    "sampleCount" : 50,
    "errorCount" : 39,
    "errorPct" : 78.0,
    "meanResTime" : 5430.8200000000015,
    "medianResTime" : 1587.5,
    "minResTime" : 938.0,
    "maxResTime" : 33233.0,
    "pct1ResTime" : 21324.9,
    "pct2ResTime" : 27972.19999999998,
    "pct3ResTime" : 33233.0,
    "throughput" : 1.4874754566549653,
    "receivedKBytesPerSec" : 203.1596883924853,
    "sentKBytesPerSec" : 0.17576614282739336
  },
  "Forget password" : {
    "transaction" : "Forget password",
    "sampleCount" : 50,
    "errorCount" : 3,
    "errorPct" : 6.0,
    "meanResTime" : 3600.68,
    "medianResTime" : 3169.5,
    "minResTime" : 78.0,
    "maxResTime" : 21563.0,
    "pct1ResTime" : 4943.0,
    "pct2ResTime" : 6794.349999999998,
    "pct3ResTime" : 21563.0,
    "throughput" : 0.9710812018100954,
    "receivedKBytesPerSec" : 126.29476229146032,
    "sentKBytesPerSec" : 0.1289717221154033
  },
  "EMI" : {
    "transaction" : "EMI",
    "sampleCount" : 50,
    "errorCount" : 0,
    "errorPct" : 0.0,